First Name,Last Name,Address,Pet Type,Pet Name
Daniel,Livingston,"067 Lawrence Drive, West Amyview, FL 09511",Dog,Sophia
Gregory,Burgess,"59536 Melissa Spring Apt. 450, North Timothy, WA 00971",Dog,Sean
Joy,Smith,"Unit 9011 Box 9551, DPO AA 47611",Python,Tasha
William,Foster,"399 Jennifer Meadows, Johnsonview, AS 27147",Cat,Rebecca
Garrett,Kim,"41169 Bond Centers, Dorisview, MP 05774",Zebra,Ashley
Rachel,Sharp,"6927 Clark Lights Apt. 781, Elizabethshire, DE 13703",Dog,Lindsey
Amy,Mayo,"56626 Miles Ranch, Lake Andrea, MS 51948",Zebra,Danielle
Thomas,Cooke,"7554 Julia Wall, Heidiberg, DC 24527",Dog,Nicole
Laura,Reynolds,"283 Harper Curve, Adamburgh, WI 62712",Dog,Philip
Jennifer,Garcia,"USNS Maxwell, FPO AE 71549",Cat,Courtney
Michael,Clark,"24057 Robyn Via Apt. 180, East Cindyhaven, MA 31552",Cat,Raymond
Christina,Cervantes,"879 David Street, Ashleyton, OK 82181",Cat,Deborah
Mr.,Andrew,"36902 Tanya Stravenue, Geraldstad, GA 79452",Python,Mr.
Justin,Lyons,"PSC 5686, Box 6968, APO AE 40181",Cat,Diamond
Michael,Davis,"9389 Martin Walk Apt. 231, Lake Jessica, WV 96401",Dog,Robert
Juan,Villanueva,"81029 Christine Burg Suite 846, Lake Lance, NJ 98086",Cat,Paul
Michele,Stewart,"7551 Joshua Court Suite 913, Port Jose, GA 10639",Python,Michael
Vicki,Nichols,"100 Sawyer Spurs Suite 753, Barryhaven, WV 77026",Python,Denise
Wesley,Thomas,"760 Smith Pine, East Ericton, DC 91869",Zebra,Kelli
